,noto-emoji-iconset,,raulsntos
,nodecg-toggle,,NodeCGElements
,x-translate,,tryggvigy
,device-orientation,,guilhermefarias
,shibui-dropdown-menu,,ShibuiElements
,paper-comma-input,,sinisavukovic
,fullcalendar-calendar,,sorin-davidoi
,granite-alert,,LostInBrittany
,device-orientation,,abdonrd
,paper-autocomplete,,ellipticaljs
,iron-swipeable-pages,,GeoloeG
,google-map,,GoogleWebComponents
,paper-datatable,,David-Mulder
,salte-rating,,salte-io
,platinum-sw,,PolymerElements
,gold-zip-input,,PolymerElements
,gold-cc-input,,PolymerElements
,gold-phone-input,,PolymerElements
,flip-clock,,Granze
,gold-password-input,,GeoloeG
,iron-data-table,,Saulis
,paper-stepper,,Zecat
,paper-divider,,WebPaperElements
,moment-js,,saeidzebardast
,ace-widget,,LostInBrittany
,dogzone-map,,citydogweb
,app-toasts,,jifalops
,resettable-properties-behavior,,danielx
,paper-avatar,,Abe90
,streaming-list,,klarkc
,emulator-gba,,klarkc
,salte-feedback-dialog,,salte-io
,cookie-consent,,Dabolus
,mqtt-elements,,mqttjs
,cordova-geolocation,,cordova-elements
,show-json,,ryanburns23
,paper-input-autocomplete-chips,,WebPaperElements
,super-paginate,,super-elements
,iron-scroll-spy,,Zecat
,super-uploader,,super-elements
,geo-query,,jifalops
,identicon-element,,GeoloeG
,page-title,,zacharytamas
,chat-window,,jifalops
,salte-dialog,,salte-io
,iron-touch-prevent,,Redbility
,paper-search-input,,vic10us
,boxes-distributor,,klarkc
,cordova-push-element,,cordova-elements
,web-notification,,WebCoreElements
,value-history,,jifalops
,numbro-element,,GeoloeG
,favicon-badge,,zacharytamas
,load-lock,,zacharytamas
,paper-dropdown-input,,Juravenator
,parallax-element,,vguillou
,viz-js,,tzolov
,webrtc-video,,convoo
,google-sheets,,GoogleWebComponents
,help-wanted-gh-issues,,samjacobclift
,webrtc-stream,,convoo
,spinkit-element,,GeoloeG
,l2t-context-menu,,Link2Twenty
,modernizr-element,,GeoloeG
,neon-page-behavior,,vguillou
,d3-bubble,,saeidzebardast
,github-fork-ribbon,,saeidzebardast
,parallax-frame,,namannehra
,dashboard-clock-analog,,DashboardElements
,gold-cc-cvc-input,,PolymerElements
,geo-location,,ebidel
,lss-paper-date-picker,,LssPolymerElements
,paper-carousel,,Redbility
,papyrus-input,,AqoviaElements
,paper-lightbox,,Redbility
